1;BmpIconClass_player
2;BmpIconClass_engineer
3;BmpIconClass_scavenger
4;BmpFullBackground
5;BmpIconClass_recon
6;BmpIconClass_fighter
7;BmpIconClass_medic
8;BmpTopBarBackground
9;BmpDialogueBackground
10;BmpIconButtonClose
11;BmpCursorAttackMelee
12;BmpCursorSuppress
13;BmpCursorCoverYellow
14;BmpCursorInteract
15;BmpCursorDismount
16;BmpCursorCoverRed
17;BmpCursorAttack
18;BmpCursorAction
19;BmpCursorMount
20;BmpCursorDefault
21;BmpCursorHeal
22;BmpCursorCoverGreen
23;BmpOffersHeader
24;BmpIconRecycle
29;PushButtonBackground
30;BmpButtonGrime
31;BmpButtonPaint
32;BmpQuote
33;BmpIconMorale1
34;BmpIconMorale5
37;IconTime
38;BmpSrvRequestBackground
39;BmpIconButtonNext
41;BlueprintDivider
42;BmpIconCameraRotate
43;BmpIconFullscreen
44;BmpIconChatClose
45;BmpIconAchievement
46;BmpIconClass_all
47;BmpIconQuest
48;BmpIconQuestWorld
49;BmpBountyStars
50;BmpIconFuel
51;BmpBountySkull
52;BmpIconBountyArrow
53;BmpBountyDivider
54;BmpTitle_AllianceHistory
55;BmpExitZoneOK
56;BmpExitZoneBad
57;BmpIconButtonPrev
58;BmpOverlayVignette
59;BmpIconNewItem
60;BmpIconHUDNews
61;BmpIconMorale
62;BmpIconSecurity
63;BmpIconWater
64;BmpIconComfort
65;BmpIconFood
66;BmpIconTrapDisarmed
67;BmpIconTrap
68;BmpIconHUDPvPPractice
69;BmpIconHUDReturn
70;BmpIconHUDNeighborList
71;BmpIconRepair
72;BmpIconCollect
87;LevelUpAnim
88;BmpIconStore
89;BmpIconIncinerator
90;BmpIconMiniTask
91;BmpOffersFuel
92;BmpOffersFooter
93;BmpIconSearchTimer
94;BmpIconAllianceTokensSmall
95;BmpIconFBCredit
96;BmpIconKongKreds
97;BmpLargeSash
99;BusySpinnerGraphic
100;BmpIconButtonBuild
101;BmpTutorialArrow
102;BmpIconUnlockItem
103;BmpIconSpecialized
104;BmpIconEquippedDefence
105;BmpIconCompareArrow
106;BmpIconEquipped
107;BmpIconSkull
108;BmpIconInspect
109;BmpIconUnlockedTiny
110;BmpIconLockedTiny
111;BmpSurvivorDisplayBackground
40;BmpDivider
112;BmpIconNotification
113;BmpIconHelp
114;BmpClearTape
115;BmpIconHUDObjectives
116;BmpIconQuestTracking
121;AllianceRewardMarker
126;PaginationDot
127;BmpIconFemale
128;BmpIconMale
129;BmpIconCoverGreen
130;BmpIconCoverLow
131;BmpIconCoverYellow
132;BmpIconCoverRed
133;BmpIconCoverModerate
134;BmpIconCoverHigh
135;BmpIconTradeCrossRed
136;BmpIconTradeTickGreen
137;BmpIconButtonArrow
138;BmpMissionLaunchBG
139;BmpIconSurvivorArrival
140;BmpXPBarGrime
141;BmpIconEliteRare
142;BmpIconEliteUnique
143;BmpIconHealing
145;UISurvivorLocationBackground
146;BmpRaidMissionBg
147;BmpAllianceMessageTape
148;BmpIconRaidObjSecondary
149;BmpIconRaidObjSurvivors
153;SuppressionIndicatorPulse
154;BmpIconSuppressed
155;BmpIconLoot
156;BmpIconLevelUps
157;BmpIconInjuries
158;BmpRedHazardTile
163;LoadoutSlotBase
164;BmpIconHUDInventoryUpgrade1
165;BmpIconInjuriesLarge
166;BmpIconHUDInventory
167;BmpIncineratorBg
168;BmpIconResearchTitle
169;BmpBatchRecycleArrow
170;ClearTapeGraphic
171;BmpIconHUDBounty
172;BmpIconInputClear
173;BmpIconSearch
179;AllianceBannerIconBase
180;BmpIconButtonMove
181;BmpIconCrafting
182;BmpIconPause
183;BmpIconButtonUpgrade
184;BmpIconButtonAssign
185;BmpIconButtonCollect
186;BmpIconDoor
187;BmpIconResearchSmall
188;BmpIconDismantle
189;BmpIconButtonRepair
190;BmpIconRename
191;BmpIconRange
192;BmpIconHUDSurvivors
193;BmpIconHUDConstruction
194;BmpIconHUDResearch
195;BmpInventorySlotEmpty
196;BmpInventorySlotUnique
197;BmpInventorySlotRare
198;BmpInventorySlotPremium
199;BmpIconGear
200;BmpInventorySlotInfamous
75;BmpLevelUpMetalCircle
82;BmpLevelUpMetalPanel
79;BmpLevelUpStarburst
77;BmpLevelUpAK
73;BmpLevelUpGlow
201;BmpShine
202;BmpIconLevel
203;BmpIconSortAlpha
204;BmpIconMelee
205;BmpIconDPS
206;BmpIconFirearms
207;BmpIconAddResource
208;BmpIconSound
209;BmpIconSettings
210;BmpIconSoundOff
211;BmpIconMusic
212;BmpIconCameraZoomIn
213;BmpIconCameraZoomOut
214;BmpIconMusicOff
215;BmpIconWood
216;BmpIconCloth
217;BmpIconAmmunition
218;BmpIconMetal
219;BmpIconLocked
220;BmpResearchProgressBg
221;BmpIconLevelYellow
222;BmpConstructionBackground
223;BmpUpgradeBlueprint
224;BmpIconAssignedHUD
225;BmpIconChatBubble
226;BmpIconAllianceSmall
227;BmpIconTradeSmall
228;BmpCraftIconTactics
229;BmpCraftIconWeapons
230;BmpCraftIconMedical
231;BmpCraftIconComponents
232;BmpCraftIconGear
233;BmpCraftIconUpgrades
234;BmpCraftIconAmmo
235;BmpIconBountyHunter
236;BmpIconDangerHigh
237;BmpIconDamageProtection
238;BmpAllianceRewardGem
239;BmpIconBannerProtection
240;BmpIconButtonUp
241;BmpIconButtonDown
242;BmpItemMystery
243;BmpIconAlert
244;BmpIconItemLocked
245;BmpHealthBarInjury
246;BmpParticleHealing
247;BmpIconThreatRatingGrey
248;BmpIconThreatRating
249;BmpExitZones
250;BmpIconAllianceCheckpointScav100
251;BmpOverlayVignetteRush
253;XPEarnedPlayhead
161;BmpLoadoutSlot
254;BmpIconLoadoutSurvivor
255;BmpIconInjuryTimer
256;BmpResearchActiveBg
257;BmpResearchEffectBg
262;TabButtonBase
263;BmpAllianceBannerGrad
264;BmpIconAllianceTarget
265;BmpIconFuelLarge
266;BmpIconLoadoutLocked
268;CompoundFlag
269;BmpIconSortXP
270;BmpIconUnlocked
271;BmpQuestInfoBackground
274;ConstructionStripes
275;BmpUpgradeLocked
276;BmpUpgradeArrow
277;BmpIconHUDWorldMap
278;BmpIconHUDWorldMapArrow
279;BmpIconHUDStore
280;BmpIconItemSale
281;BmpIconDefence
282;BmpIconHUDSchematic
283;BmpTradeGreenHazard
284;BmpSurvivorLoadoutSeparator
285;BmpIconRecycle2
286;BmpResourceAddButton
287;BmpSaleItemSash
288;BmpCashItemBg
289;BmpTopBarButtonBackground
290;BmpVolumeSlider
291;BmpVolumeSliderThumb
292;BmpTopBarGrime
293;BmpTab
294;BmpTabArrow
295;Bmp_BroadcastPanelGrid
296;Bmp_ActivityTickerOn
297;Fixedsys_15
298;Bmp_ActivityTickerOff
299;BmpBarResource
300;BmpBarFuel
301;BmpEarnFuelBlob
302;BmpBookPromoBg
303;BmpEffectSlotTactics
304;BmpEffectSlotEmpty
305;BmpIconExpand
306;BmpIconCollapse
307;BmpIconNext
312;LevelUpReminder
313;BmpTopBarPortraitBG
314;BmpIconReputationGood
315;BmpIconReputationBad
316;BmpIconMorale3
317;BmpIconMorale2
318;BmpIconMorale4
319;BmpIconStatUpgrade
320;BmpIconStar
321;BmpIconBountyHunterSilver
324;AttackLogWatermark
325;BmpBountySignleStar
326;BmpIconOnline
327;BmpIconInfectedBountyRed
328;BmpIconInfectedBountyGreen
329;BmpIconAssign
330;BmpItemInputBG
331;BmpIconResearch
332;BmpResearchBarBg
333;BmpIconAllianceWAR
334;BmpIconEmptyStar
335;BmpBountyTimeRemainingBG
336;BmpIconRaid
337;BmpIconArena_stadium
338;BmpInfectedBountyMapIcon
341;HighActivityMarkerPulseMC
267;BmpCompoundFlag
342;BmpMessageArrow
343;BmpIconOffersBg
344;BmpIconOffers
345;BmpIconEditSurvivorName
346;BmpIconLoadoutGear
347;BmpIconLoadoutAccessory
348;BmpIconLoadoutClothingUpper
349;BmpIconLoadoutWeapon
350;BmpIconLoadoutClothingLower
351;BmpIconLoadoutGearNoPlus
352;BmpIconLoadoutWeaponNoPlus
353;BmpIconPanelExpand
354;BmpIconPanelContract
356;UIChatPanelBG
357;BmpIconPanelDock
358;BmpIconPanelUndock
359;BmpIndicatorYellowLamp
366;UIChatSoundwaveMC
367;BmpIndicatorRedLamp
368;BmpIndicatorGreenLamp
369;BmpChatOfflineScreenBGSmall
370;BmpChatOfflineScreenBG
371;BmpIconCraftItem
372;BmpItemAddBG
373;BmpSchematicSlotBGInfamous
374;BmpSchematicSlotBG
375;BmpSchematicSlotBGPremium
376;BmpArenaLeaderBg
377;BmpIconArrowDown
378;BmpUpgradeKitAreaBG
379;BmpIconUpgradeKitAdd
380;BmpUpgradeKitAddBtn
381;BmpCraftKitAreaBG
382;BmpAllianceMessageHeader
251;BmpOverlayVignetteRush
45;BmpIconAchievement
112;BmpIconNotification
277;BmpIconHUDWorldMap
192;BmpIconHUDSurvivors
314;BmpIconReputationGood
180;BmpIconButtonMove
337;BmpIconArena_stadium
295;Bmp_BroadcastPanelGrid
353;BmpIconPanelExpand
278;BmpIconHUDWorldMapArrow
108;BmpIconInspect
173;BmpIconSearch
328;BmpIconInfectedBountyGreen
182;BmpIconPause
372;BmpItemAddBG
336;BmpIconRaid
254;BmpIconLoadoutSurvivor
351;BmpIconLoadoutGearNoPlus
235;BmpIconBountyHunter
147;BmpAllianceMessageTape
199;BmpIconGear
15;BmpCursorDismount
227;BmpIconTradeSmall
111;BmpSurvivorDisplayBackground
321;BmpIconBountyHunterSilver
168;BmpIconResearchTitle
130;BmpIconCoverLow
17;BmpCursorAttack
19;BmpCursorMount
95;BmpIconFBCredit
238;BmpAllianceRewardGem
226;BmpIconAllianceSmall
325;BmpBountySignleStar
12;BmpCursorSuppress
13;BmpCursorCoverYellow
341;HighActivityMarkerPulseMC
305;BmpIconExpand
383;thelaststand.app.game.gui.alliance.banner.AllianceBannerDisplay__paletteClass
146;BmpRaidMissionBg
243;BmpIconAlert
164;BmpIconHUDInventoryUpgrade1
366;UIChatSoundwaveMC
139;BmpIconSurvivorArrival
204;BmpIconMelee
350;BmpIconLoadoutClothingLower
186;BmpIconDoor
33;BmpIconMorale1
50;BmpIconFuel
256;BmpResearchActiveBg
316;BmpIconMorale3
317;BmpIconMorale2
34;BmpIconMorale5
318;BmpIconMorale4
194;BmpIconHUDResearch
286;BmpResourceAddButton
109;BmpIconUnlockedTiny
301;BmpEarnFuelBlob
134;BmpIconCoverHigh
56;BmpExitZoneBad
75;BmpLevelUpMetalCircle
380;BmpUpgradeKitAddBtn
198;BmpInventorySlotPremium
202;BmpIconLevel
166;BmpIconHUDInventory
212;BmpIconCameraZoomIn
40;BmpDivider
312;LevelUpReminder
213;BmpIconCameraZoomOut
205;BmpIconDPS
161;BmpLoadoutSlot
133;BmpIconCoverModerate
214;BmpIconMusicOff
266;BmpIconLoadoutLocked
96;BmpIconKongKreds
61;BmpIconMorale
303;BmpEffectSlotTactics
271;BmpQuestInfoBackground
221;BmpIconLevelYellow
342;BmpMessageArrow
359;BmpIndicatorYellowLamp
279;BmpIconHUDStore
154;BmpIconSuppressed
165;BmpIconInjuriesLarge
99;BusySpinnerGraphic
367;BmpIndicatorRedLamp
276;BmpUpgradeArrow
381;BmpCraftKitAreaBG
296;Bmp_ActivityTickerOn
206;BmpIconFirearms
384;starling.text.BitmapFont_MiniXml
291;BmpVolumeSliderThumb
300;BmpBarFuel
330;BmpItemInputBG
59;BmpIconNewItem
335;BmpBountyTimeRemainingBG
43;BmpIconFullscreen
331;BmpIconResearch
5;BmpIconClass_recon
128;BmpIconMale
110;BmpIconLockedTiny
246;BmpParticleHealing
70;BmpIconHUDNeighborList
193;BmpIconHUDConstruction
183;BmpIconButtonUpgrade
163;LoadoutSlotBase
282;BmpIconHUDSchematic
297;Fixedsys_15
82;BmpLevelUpMetalPanel
247;BmpIconThreatRatingGrey
344;BmpIconOffers
184;BmpIconButtonAssign
233;BmpCraftIconUpgrades
237;BmpIconDamageProtection
91;BmpOffersFuel
143;BmpIconHealing
172;BmpIconInputClear
263;BmpAllianceBannerGrad
349;BmpIconLoadoutWeapon
268;CompoundFlag
334;BmpIconEmptyStar
222;BmpConstructionBackground
378;BmpUpgradeKitAreaBG
49;BmpBountyStars
274;ConstructionStripes
127;BmpIconFemale
121;AllianceRewardMarker
223;BmpUpgradeBlueprint
188;BmpIconDismantle
131;BmpIconCoverYellow
79;BmpLevelUpStarburst
37;IconTime
287;BmpSaleItemSash
319;BmpIconStatUpgrade
97;BmpLargeSash
57;BmpIconButtonPrev
104;BmpIconEquippedDefence
329;BmpIconAssign
369;BmpChatOfflineScreenBGSmall
44;BmpIconChatClose
53;BmpBountyDivider
217;BmpIconAmmunition
201;BmpShine
218;BmpIconMetal
285;BmpIconRecycle2
302;BmpBookPromoBg
352;BmpIconLoadoutWeaponNoPlus
64;BmpIconComfort
65;BmpIconFood
320;BmpIconStar
234;BmpCraftIconAmmo
281;BmpIconDefence
298;Bmp_ActivityTickerOff
292;BmpTopBarGrime
304;BmpEffectSlotEmpty
208;BmpIconSound
196;BmpInventorySlotUnique
228;BmpCraftIconTactics
383;ColorGrid__paletteClass
250;BmpIconAllianceCheckpointScav100
42;BmpIconCameraRotate
116;BmpIconQuestTracking
54;BmpTitle_AllianceHistory
374;BmpSchematicSlotBG
3;BmpIconClass_scavenger
38;BmpSrvRequestBackground
181;BmpIconCrafting
210;BmpIconSoundOff
356;UIChatPanelBG
245;BmpHealthBarInjury
47;BmpIconQuest
332;BmpResearchBarBg
225;BmpIconChatBubble
346;BmpIconLoadoutGear
358;BmpIconPanelUndock
347;BmpIconLoadoutAccessory
293;BmpTab
220;BmpResearchProgressBg
29;PushButtonBackground
158;BmpRedHazardTile
39;BmpIconButtonNext
66;BmpIconTrapDisarmed
280;BmpIconItemSale
231;BmpCraftIconComponents
249;BmpExitZones
348;BmpIconLoadoutClothingUpper
236;BmpIconDangerHigh
88;BmpIconStore
370;BmpChatOfflineScreenBG
20;BmpCursorDefault
101;BmpTutorialArrow
102;BmpIconUnlockItem
48;BmpIconQuestWorld
155;BmpIconLoot
215;BmpIconWood
289;BmpTopBarButtonBackground
195;BmpInventorySlotEmpty
219;BmpIconLocked
72;BmpIconCollect
290;BmpVolumeSlider
24;BmpIconRecycle
229;BmpCraftIconWeapons
16;BmpCursorCoverRed
107;BmpIconSkull
230;BmpCraftIconMedical
6;BmpIconClass_fighter
379;BmpIconUpgradeKitAdd
200;BmpInventorySlotInfamous
207;BmpIconAddResource
327;BmpIconInfectedBountyRed
171;BmpIconHUDBounty
269;BmpIconSortXP
338;BmpInfectedBountyMapIcon
242;BmpItemMystery
275;BmpUpgradeLocked
241;BmpIconButtonDown
313;BmpTopBarPortraitBG
375;BmpSchematicSlotBGPremium
153;SuppressionIndicatorPulse
239;BmpIconBannerProtection
385;starling.core.TouchMarker_TouchMarkerBmp
63;BmpIconWater
55;BmpExitZoneOK
386;thelaststand.app.game.entities.effects.Confetti_BmpConfetti
90;BmpIconMiniTask
288;BmpCashItemBg
87;LevelUpAnim
60;BmpIconHUDNews
169;BmpBatchRecycleArrow
52;BmpIconBountyArrow
170;ClearTapeGraphic
284;BmpSurvivorLoadoutSeparator
203;BmpIconSortAlpha
8;BmpTopBarBackground
216;BmpIconCloth
343;BmpIconOffersBg
240;BmpIconButtonUp
270;BmpIconUnlocked
145;UISurvivorLocationBackground
167;BmpIncineratorBg
132;BmpIconCoverRed
377;BmpIconArrowDown
382;BmpAllianceMessageHeader
41;BlueprintDivider
257;BmpResearchEffectBg
262;TabButtonBase
190;BmpIconRename
22;BmpCursorCoverGreen
136;BmpIconTradeTickGreen
191;BmpIconRange
1;BmpIconClass_player
387;starling.text.BitmapFont_MiniTexture
68;BmpIconHUDPvPPractice
2;BmpIconClass_engineer
137;BmpIconButtonArrow
71;BmpIconRepair
345;BmpIconEditSurvivorName
224;BmpIconAssignedHUD
306;BmpIconCollapse
307;BmpIconNext
354;BmpIconPanelContract
69;BmpIconHUDReturn
357;BmpIconPanelDock
4;BmpFullBackground
255;BmpIconInjuryTimer
371;BmpIconCraftItem
157;BmpIconInjuries
211;BmpIconMusic
14;BmpCursorInteract
197;BmpInventorySlotRare
141;BmpIconEliteRare
368;BmpIndicatorGreenLamp
73;BmpLevelUpGlow
9;BmpDialogueBackground
10;BmpIconButtonClose
265;BmpIconFuelLarge
388;thelaststand.app.game.entities.light.SunLight_BmpSunlightTable
294;BmpTabArrow
18;BmpCursorAction
232;BmpCraftIconGear
115;BmpIconHUDObjectives
248;BmpIconThreatRating
58;BmpOverlayVignette
67;BmpIconTrap
126;PaginationDot
11;BmpCursorAttackMelee
103;BmpIconSpecialized
185;BmpIconButtonCollect
333;BmpIconAllianceWAR
46;BmpIconClass_all
62;BmpIconSecurity
94;BmpIconAllianceTokensSmall
32;BmpQuote
209;BmpIconSettings
156;BmpIconLevelUps
77;BmpLevelUpAK
373;BmpSchematicSlotBGInfamous
187;BmpIconResearchSmall
100;BmpIconButtonBuild
264;BmpIconAllianceTarget
114;BmpClearTape
253;XPEarnedPlayhead
30;BmpButtonGrime
138;BmpMissionLaunchBG
23;BmpOffersHeader
51;BmpBountySkull
113;BmpIconHelp
105;BmpIconCompareArrow
106;BmpIconEquipped
21;BmpCursorHeal
189;BmpIconButtonRepair
315;BmpIconReputationBad
267;BmpCompoundFlag
7;BmpIconClass_medic
299;BmpBarResource
89;BmpIconIncinerator
92;BmpOffersFooter
140;BmpXPBarGrime
148;BmpIconRaidObjSecondary
135;BmpIconTradeCrossRed
129;BmpIconCoverGreen
142;BmpIconEliteUnique
326;BmpIconOnline
179;AllianceBannerIconBase
31;BmpButtonPaint
283;BmpTradeGreenHazard
149;BmpIconRaidObjSurvivors
244;BmpIconItemLocked
324;AttackLogWatermark
376;BmpArenaLeaderBg
93;BmpIconSearchTimer
0;thelaststand.app.core.Main
